{
  "task": "held-out citation prediction (mask 30% of each query's in-sample references, rank all candidates, score the held-out set)",
  "sample_works": 3000,
  "eval_queries": 2359,
  "mask_frac": 0.3,
  "min_refs": 5,
  "seed": 0,
  "ks": [
    5,
    10,
    20,
    50
  ],
  "topic": "T10048",
  "transformer_model": "sentence-transformers/allenai-specter (SPECTER, GPU/ROCm)",
  "methods": {
    "tfidf": {
      "name": "TF-IDF cosine (Gian baseline)",
      "n_queries": 2359,
      "recall_at": {
        "5": 0.05962999827037674,
        "10": 0.08761668254267489,
        "20": 0.1259248374323531,
        "50": 0.1933127402896557
      },
      "recall_at_ci": {
        "5": [
          0.05363473148366673,
          0.0657173696591086
        ],
        "10": [
          0.08103368413918835,
          0.09511874682941955
        ],
        "20": [
          0.11789923527280909,
          0.13499732986654006
        ],
        "50": [
          0.1829054622074132,
          0.20487009356230557
        ]
      },
      "map": 0.05428241031519888,
      "map_ci": [
        0.0500752874022923,
        0.05900237117519692
      ],
      "mrr": 0.13348419209465945,
      "mrr_ci": [
        0.12379352645038044,
        0.1441267488870386
      ]
    },
    "tfidf_nmf": {
      "name": "TF-IDF+NMF cosine (Gian baseline, exact)",
      "n_queries": 2359,
      "recall_at": {
        "5": 0.027899393399661132,
        "10": 0.0459119180396503,
        "20": 0.06972716165060061,
        "50": 0.1251815862200285
      },
      "recall_at_ci": {
        "5": [
          0.023914647648144504,
          0.032132756808536576
        ],
        "10": [
          0.040655043681380613,
          0.0511900015344521
        ],
        "20": [
          0.06347833804809248,
          0.07633810873110007
        ],
        "50": [
          0.11724176770175508,
          0.1339838909097884
        ]
      },
      "map": 0.02900280611321914,
      "map_ci": [
        0.026194997764131003,
        0.03213203776300033
      ],
      "mrr": 0.07699457616316013,
      "mrr_ci": [
        0.06889636943296194,
        0.08531716155424128
      ]
    },
    "word2vec": {
      "name": "word2vec mean-pool cosine (Gian baseline)",
      "n_queries": 2359,
      "recall_at": {
        "5": 0.05739094898098358,
        "10": 0.09197248470974613,
        "20": 0.13644263434372378,
        "50": 0.2222457435842545
      },
      "recall_at_ci": {
        "5": [
          0.05188226046171045,
          0.06280769956202939
        ],
        "10": [
          0.0852468975742951,
          0.09929829368864117
        ],
        "20": [
          0.12815431768470517,
          0.14565223423060755
        ],
        "50": [
          0.2118133324232537,
          0.23343470200288755
        ]
      },
      "map": 0.05512441931568236,
      "map_ci": [
        0.05132371208682139,
        0.05920929320433645
      ],
      "mrr": 0.13680498085670467,
      "mrr_ci": [
        0.12700895415620894,
        0.1473677517399255
      ]
    },
    "graph": {
      "name": "graph co-citation (bibliographic coupling)",
      "n_queries": 2359,
      "recall_at": {
        "5": 0.041191467953695764,
        "10": 0.07819934664757983,
        "20": 0.14624585516490055,
        "50": 0.28441267346413246
      },
      "recall_at_ci": {
        "5": [
          0.03680402938059378,
          0.04560052554647025
        ],
        "10": [
          0.07204413204694049,
          0.08437914689769088
        ],
        "20": [
          0.1376936620429684,
          0.15507003660993832
        ],
        "50": [
          0.2734487186727843,
          0.295929399518613
        ]
      },
      "map": 0.051330942460499865,
      "map_ci": [
        0.048312852373302455,
        0.054293393874567594
      ],
      "mrr": 0.11224032591634756,
      "mrr_ci": [
        0.10401931919541978,
        0.12021930145876066
      ]
    },
    "transformer": {
      "name": "transformer cosine (SPECTER)",
      "n_queries": 2359,
      "recall_at": {
        "5": 0.06553771766269137,
        "10": 0.1042147452887837,
        "20": 0.15595273353463743,
        "50": 0.2472165873883727
      },
      "recall_at_ci": {
        "5": [
          0.060138520633415224,
          0.07147646755831465
        ],
        "10": [
          0.09767699740106967,
          0.1114259788605368
        ],
        "20": [
          0.14768001910558176,
          0.16468173952091575
        ],
        "50": [
          0.2361376146600245,
          0.25846078544463646
        ]
      },
      "map": 0.06262393614513787,
      "map_ci": [
        0.058557179049148665,
        0.06746343935031668
      ],
      "mrr": 0.15663128664150047,
      "mrr_ci": [
        0.1466158040817403,
        0.16809907462303936
      ]
    }
  },
  "transformer_vs_tfidf": {
    "delta_map": 0.008341525829938988,
    "rel_improvement_pct": 15.366903904050464,
    "paired_bootstrap_p": 0.0005
  }
}